,Experience,0,1,2,3,4
0,0,0.0,0.0,0.0,0.0,0.0
1,1,0.12246666666666667,0.0,0.0,0.0,0.0
2,2,0.9992333333333333,0.22086666666666666,0.0,0.0,0.0
3,3,0.9992333333333333,0.6474,0.19956666666666667,0.0,0.0
4,4,0.9992333333333333,0.6474,0.9878999999999999,0.46646666666666664,0.0
