,Experience,0,1,2,3,4
0,0,0.0,0.0,0.0,0.0,0.0
1,1,0.02124648990617822,0.0,0.0,0.0,0.0
2,2,0.00023094010767588897,0.008850047080854049,0.0,0.0,0.0
3,3,0.00023094010767588897,0.03683571636333411,0.013138619917378441,0.0,0.0
4,4,0.00023094010767588897,0.03683571636333411,0.0012124355652982088,0.02317354813862852,0.0
